,player_id,name,Ability_score,attack_score,defend_score,attacking_rank,defending_rank
0,153066,Harry Wilson,96.35,100.0,92.7,1.0,2.0
1,154110,Fraser McReight,71.95,61.7,82.2,5.0,3.0
2,165000,Tom Christie,69.65,39.3,100.0,46.0,1.0
3,161946,Rob Valetini,67.0,61.5,72.5,7.0,5.0
4,165852,Samisoni Taukei'aho,66.4,63.4,69.4,3.0,6.0
5,201012,Tom Wright,61.150000000000006,84.2,38.1,2.0,36.0
6,177072,Hoskins Sotutu,60.8,62.8,58.8,4.0,10.0
7,165906,Hamish Stewart,60.15,45.5,74.8,24.0,4.0
8,204804,Ryan Smith,53.599999999999994,41.6,65.6,38.0,7.0
9,149694,Jordie Barrett,53.05,60.3,45.8,8.0,22.0
10,149676,Luke Jacobson,52.7,42.9,62.5,31.0,8.0
11,207156,Nick Frost,50.2,41.3,59.1,39.0,9.0
12,124590,Scott Barrett,48.900000000000006,39.7,58.1,45.0,11.0
13,206676,Samipeni Finau,46.65,41.8,51.5,36.0,15.0
14,188874,Tupou Vaa'i,46.5,40.4,52.6,42.0,14.0
15,205380,Seru Uru,46.4,45.4,47.4,25.0,18.0
16,206682,Cullen Grace,45.95,42.0,49.9,34.0,16.0
17,164268,Tate McDermott,45.3,61.7,28.9,6.0,80.0
18,156678,Billy Harmon,44.7,34.6,54.8,57.0,12.0
19,191412,Carter Gordon,43.95,48.5,39.4,17.0,30.0
20,133662,Jake Gordon,43.75,51.5,36.0,11.0,42.0
21,131940,Andy Muirhead,42.75,48.9,36.6,16.0,40.0
22,173226,Jock Campbell,42.45,57.8,27.1,9.0,94.0
23,118932,Jed Holloway,42.3,37.0,47.6,50.0,17.0
24,205602,Charlie Gamble,42.2,31.4,53.0,68.0,13.0
25,206574,Mark Nawaqanitawase,41.900000000000006,50.7,33.1,13.0,55.0
26,141222,Rieko Ioane,41.45,46.0,36.9,23.0,39.0
27,206856,Sam Gilbert,41.25,46.9,35.6,20.0,45.0
28,135246,Levi Aumua,40.900000000000006,47.6,34.2,19.0,49.0
29,234720,William Havili,40.9,53.9,27.9,10.0,85.0
30,176550,Billy Proctor,40.75,42.8,38.7,32.0,35.0
31,209622,Joshua Moorby,40.05,49.9,30.2,15.0,70.0
32,179256,Etene Nanai-Seturo,39.3,50.1,28.5,14.0,82.0
33,133800,Chase Tiatia,39.1,51.0,27.2,12.0,93.0
34,140064,Ricky Riccitelli,39.099999999999994,35.9,42.3,53.0,24.0
35,66978,James Slipper,38.45,30.2,46.7,73.0,20.0
36,156912,Mark Telea,38.25,46.8,29.7,21.0,73.0
37,163146,Tim Anstee,38.15,29.5,46.8,76.0,19.0
38,184710,Leicester Fainga'anuku,37.7,47.7,27.7,18.0,87.0
39,156618,Noah Lolesio,37.650000000000006,41.6,33.7,37.0,51.0
40,234690,Timoci Tavatavanawai,37.25,45.3,29.2,26.0,78.0
41,174330,Du'Plessis Kirifi,37.2,27.7,46.7,85.0,21.0
42,142218,Izaia Perese,37.05,41.9,32.2,35.0,58.0
43,197268,Isoa Nasilasila,36.25,32.2,40.3,66.0,27.0
44,206742,Tevita Ikanivere,36.2,36.7,35.7,51.0,44.0
45,192630,Will Harris,36.2,30.9,41.5,69.0,26.0
46,131670,David Havili,36.0,36.6,35.4,52.0,46.0
47,168948,Caleb Clarke,35.95,43.0,28.9,30.0,81.0
48,166086,Harry Johnson-Holmes,34.05,22.8,45.3,112.0,23.0
49,162444,Salesi Rayasi,33.95,43.7,24.2,29.0,112.0
50,133728,Brad Wilkin,33.8,25.5,42.1,96.0,25.0
51,264132,Selestino Ravutaumada,33.75,39.3,28.2,47.0,84.0
52,164262,Dylan Pietsch,33.7,38.1,29.3,48.0,76.0
53,153318,Len Ikitau,33.65,33.9,33.4,60.0,52.0
54,149688,Stephen Perofeta,33.5,44.9,22.1,27.0,126.0
55,187842,Ben Donaldson,33.0,42.6,23.4,33.0,119.0
56,141606,Shaun Stevenson,32.75,46.6,18.9,22.0,153.0
57,186408,Rameka Poihipi,32.45,32.2,32.7,65.0,56.0
58,188592,Folau Fakatava,32.25,44.3,20.2,28.0,143.0
59,141528,Kurt Eklund,31.9,26.2,37.6,93.0,37.0
60,190848,Tom Hooper,31.7,24.6,38.8,100.0,34.0
61,157326,Finlay Christie,31.6,41.1,22.1,40.0,125.0
62,140178,Santiago Medrano,31.6,24.0,39.2,103.0,31.0
63,206658,Naitoa Ah Kuoi,31.5,26.1,36.9,94.0,38.0
64,192672,Josh Flook,31.5,30.6,32.4,71.0,57.0
65,132768,Pete Samu,31.25,27.4,35.1,89.0,47.0
66,225720,Cortez Ratima,30.5,37.3,23.7,49.0,117.0
67,103266,Nic White,30.35,35.2,25.5,55.0,106.0
68,102960,Julian Savea,30.0,34.4,25.6,58.0,105.0
69,142338,Jermaine Ainsley,30.0,21.0,39.0,123.0,33.0
70,198198,Emoni Narawa,29.95,39.8,20.1,44.0,145.0
71,169410,Brayden Iose,29.85,30.2,29.5,72.0,74.0
72,163734,Ryan Lonergan,29.799999999999997,35.3,24.3,54.0,111.0
73,126474,Richie Mo'unga,29.7,39.9,19.5,43.0,147.0
74,120396,Ardie Savea,29.65,29.9,29.4,74.0,75.0
75,173220,Filipo Daugunu,29.6,33.2,26.0,62.0,103.0
76,243102,Kalaveti Ravouvou,29.45,32.9,26.0,63.0,104.0
77,168702,Adrian Choat,29.15,18.4,39.9,151.0,29.0
78,130452,Damian McKenzie,29.05,40.6,17.5,41.0,161.0
79,140022,Aidan Ross,28.950000000000003,18.8,39.1,145.0,32.0
80,144318,Hugh Sinclair,28.200000000000003,16.3,40.1,166.0,28.0
81,142626,Matt Gibbon,28.099999999999998,21.4,34.8,121.0,48.0
82,150000,Isaia Walker-Leawere,27.9,23.8,32.0,105.0,59.0
83,140004,Tyrel Lomax,27.9,20.0,35.8,130.0,43.0
84,193422,Josh Canham,27.8,22.4,33.2,116.0,53.0
85,225636,Christian Lio-Willie,27.65,28.8,26.5,78.0,96.0
86,185382,Solomone Funaki,27.450000000000003,23.6,31.3,108.0,67.0
87,156702,Sevu Reece,27.45,34.0,20.9,59.0,135.0
88,130746,Andrew Kellaway,27.4,33.8,21.0,61.0,134.0
89,160716,Darcy Swain,27.35,18.7,36.0,146.0,41.0
90,118722,Ofa Tu'ungafasi,27.0,22.3,31.7,117.0,62.0
91,177078,Samiuela Moli,26.85,22.7,31.0,115.0,68.0
92,243066,Langi Gleeson,26.799999999999997,27.4,26.2,87.0,99.0
93,112860,Codie Taylor,26.65,22.7,30.6,114.0,69.0
94,69774,Bryce Heem,26.65,27.3,26.0,90.0,102.0
95,196176,Ethan de Groot,26.35,18.8,33.9,144.0,50.0
96,206784,Vilive Miramira,26.15,25.3,27.0,98.0,95.0
97,124314,Michael Wells,26.0,20.4,31.6,127.0,64.0
98,156990,Tamati Tua,25.9,27.1,24.7,91.0,107.0
99,225612,Caleb Delany,25.75,19.8,31.7,133.0,63.0
100,144210,Jordan Uelese,25.65,23.7,27.6,106.0,89.0
101,149706,Asafo Aumua,25.549999999999997,23.4,27.7,111.0,88.0
102,140040,James Blackwell,25.15,18.5,31.8,149.0,60.0
103,186396,Ollie Norris,25.1,17.1,33.1,159.0,54.0
104,134226,George Bower,25.05,18.5,31.6,150.0,65.0
105,185508,Xavier Numia,24.7,20.2,29.2,129.0,79.0
106,157044,Manasa Mataele,24.7,32.5,16.9,64.0,167.0
107,232770,Iosefo Masi,24.35,28.0,20.7,84.0,138.0
108,188676,Danny Toala,24.200000000000003,27.6,20.8,86.0,137.0
109,124356,Lalakai Foketi,24.2,24.5,23.9,101.0,114.0
110,166698,Lachlan Lonergan,24.2,19.9,28.5,132.0,83.0
111,139662,Akira Ioane,24.05,24.0,24.1,104.0,113.0
112,140982,Issak Fines-Leleiwasa,24.0,34.7,13.3,56.0,211.0
113,168684,Tom Horton,23.6,15.9,31.3,172.0,66.0
114,192504,Luke Reimer,23.6,15.5,31.7,179.0,61.0
115,188928,Quinn Tupaea,23.6,26.2,21.0,92.0,132.0
116,155268,Jordan Petaia,23.55,31.7,15.4,67.0,181.0
117,235248,Abraham Pole,23.35,20.5,26.2,126.0,100.0
118,69666,Sam Cane,23.05,16.0,30.1,171.0,71.0
119,166500,Hunter Paisami,22.9,24.7,21.1,99.0,130.0
120,168960,Braydon Ennor,22.9,21.4,24.4,120.0,110.0
121,126342,Mitchell Drummond,22.85,28.5,17.2,80.0,164.0
122,225642,Sean Withy,22.8,19.3,26.3,139.0,97.0
123,176004,Fergus Lee-Warner,22.8,19.5,26.1,137.0,101.0
124,173874,Jahrome Brown,22.75,15.5,30.0,178.0,72.0
125,165942,Bayley Kuenzle,22.700000000000003,22.3,23.1,118.0,123.0
126,141690,Alex Nankivell,22.7,26.0,19.4,95.0,149.0
127,186390,Apisalome Vota,22.65,24.4,20.9,102.0,136.0
128,225594,Cam Roigard,22.65,30.7,14.6,70.0,192.0
129,149664,Quinten Strange,22.65,17.8,27.5,152.0,90.0
130,171126,Frank Lomani,22.6,29.2,16.0,77.0,176.0
131,227454,Suliasi Vunivalu,22.35,27.4,17.3,88.0,162.0
132,117582,Cadeyrn Neville,22.15,15.1,29.2,182.0,77.0
133,209934,Ollie Sapsford,21.950000000000003,20.6,23.3,125.0,122.0
134,149814,Liam Wright,21.85,15.8,27.9,174.0,86.0
135,130428,James Tucker,21.8,16.3,27.3,168.0,92.0
136,136404,Hugh Renton,21.75,17.2,26.3,156.0,98.0
137,168972,Will Jordan,21.55,29.6,13.5,75.0,208.0
138,169002,Thomas Umaga-Jensen,21.45,23.5,19.4,110.0,148.0
139,197490,Connor Garden-Bachop,21.2,28.4,14.0,81.0,200.0
140,169092,Peni Matawalu,20.9,28.1,13.7,83.0,204.0
141,162540,Fetuli Paea,20.6,20.7,20.5,124.0,140.0
142,197862,Zarn Sullivan,20.6,28.2,13.0,82.0,213.0
143,192618,Jeremy Williams,20.549999999999997,17.7,23.4,154.0,120.0
144,176688,Te Ahiwaru Cirikidaveta,20.5,17.1,23.9,158.0,115.0
145,125058,Dan Lienert-Brown,20.25,15.9,24.6,173.0,108.0
146,193992,Carlo Tizzano,20.049999999999997,12.7,27.4,201.0,91.0
147,216078,Vaiolini Ekuasi,19.85,16.4,23.3,165.0,121.0
148,192528,Tane Edmed,19.85,23.6,16.1,109.0,174.0
149,112890,Brad Weber,19.799999999999997,25.4,14.2,97.0,198.0
150,206724,Dallas McLeod,19.65,19.2,20.1,141.0,144.0
151,69684,Beauden Barrett,19.65,28.7,10.6,79.0,246.0
152,153846,Matt Faessler,19.6,16.6,22.6,163.0,124.0
153,214050,Kitione Salawa,19.549999999999997,17.7,21.4,153.0,129.0
154,197904,Tamaiti Williams,18.95,16.9,21.0,160.0,133.0
155,210894,Joseva Tamani,18.9,19.2,18.6,140.0,154.0
156,134076,Dave Porecki,18.9,13.3,24.5,195.0,109.0
157,112836,Brodie Retallick,18.8,16.5,21.1,164.0,131.0
158,222624,Ratu Rotuisolia,18.799999999999997,17.2,20.4,157.0,141.0
159,124380,Reece Hodge,18.65,21.5,15.8,119.0,179.0
160,102222,Michael Hooper,18.6,13.5,23.7,194.0,118.0
161,184704,Devan Flanders,18.6,16.7,20.5,162.0,139.0
162,161400,Ethan Blackadder,18.549999999999997,15.2,21.9,181.0,127.0
163,192666,Angus Bell,17.9,17.6,18.2,155.0,157.0
164,164970,Lachie Anderson,17.9,19.5,16.3,136.0,171.0
165,196956,Ilaisa Droasese,17.55,23.6,11.5,107.0,236.0
166,128748,Ryan Louwrens,17.35,22.8,11.9,113.0,230.0
167,177114,Bradley Slater,17.15,14.3,20.0,189.0,146.0
168,149682,Marino Mikaele-Tu'u,17.15,19.3,15.0,138.0,186.0
169,141384,Jonah Lowe,17.05,19.7,14.4,134.0,196.0
170,206670,George Dyer,16.95,10.1,23.8,234.0,116.0
171,207894,Elia Canakaivata,16.75,16.8,16.7,161.0,169.0
172,189162,AJ Lam,16.3,18.6,14.0,148.0,201.0
173,206712,Fergus Burke,16.2,18.9,13.5,142.0,207.0
174,216090,Aidan Morgan,16.15,21.1,11.2,122.0,240.0
175,197874,Chay Fihaki,16.05,19.6,12.5,135.0,224.0
176,58092,James O'Connor,15.850000000000001,18.8,12.9,143.0,217.0
177,131406,Samuela Tawake,15.85,11.3,20.4,221.0,142.0
178,157050,Shannon Frizell,15.65,15.3,16.0,180.0,175.0
179,188910,Haereiti Hetet,15.55,13.1,18.0,196.0,158.0
180,149724,Dalton Papali'i,15.5,11.7,19.3,216.0,151.0
181,184014,Lawson Creighton,15.450000000000001,16.1,14.8,170.0,189.0
182,196704,Ollie Callan,15.45,11.6,19.3,217.0,150.0
183,216132,Dom Gardiner,15.35,12.3,18.4,209.0,156.0
184,173826,Pita Gus Sowakula,15.25,15.6,14.9,176.0,187.0
185,166620,Mahe Vailanu,15.2,14.4,16.0,188.0,177.0
186,197868,Jacob Ratumaitavuki-Kneepkens,15.15,20.3,10.0,128.0,255.0
187,141324,Marcel Renata,15.05,11.6,18.5,218.0,155.0
188,62526,Sam Whitelock,14.65,12.5,16.8,205.0,168.0
189,168978,Ezekiel Lindenmuth,14.600000000000001,12.1,17.1,212.0,165.0
190,199776,Kalani Thomas,14.6,20.0,9.2,131.0,267.0
191,209964,Cameron Suafoa,14.55,12.8,16.3,200.0,172.0
192,128790,Anton Lienert-Brown,14.55,14.9,14.2,184.0,199.0
193,179538,Sam Spink,14.5,14.7,14.3,185.0,197.0
194,133404,Stacey Ili,14.5,14.1,14.9,191.0,188.0
195,176598,Harry Plummer,14.45,16.3,12.6,167.0,222.0
196,184722,Tevita Mafileo,14.2,10.6,17.8,230.0,159.0
197,186534,Brodie McAlister,14.1,11.7,16.5,215.0,170.0
198,197922,Anton Segner,14.0,10.7,17.3,228.0,163.0
199,206664,Kaylum Boshier,13.95,10.9,17.0,225.0,166.0
200,118890,Allan Alaalatoa,13.899999999999999,8.6,19.2,252.0,152.0
201,193038,Corey Toole,13.850000000000001,18.6,9.1,147.0,271.0
202,153156,Angus Blyth,13.75,6.0,21.5,303.0,128.0
203,188862,Kini Naholo,13.6,15.7,11.5,175.0,235.0
204,134880,Bryn Gatland,13.55,16.2,10.9,169.0,243.0
205,140352,Josh Ioane,13.399999999999999,15.6,11.2,177.0,239.0
206,209232,Cabous Eloff,13.35,12.1,14.6,211.0,191.0
207,130710,Matt Philip,13.3,13.7,12.9,193.0,214.0
208,203442,Fine Inisi,13.25,14.6,11.9,186.0,229.0
209,227712,Roger Tuivasa-Sheck,13.2,12.7,13.7,202.0,205.0
210,191460,Zane Nonggorr,13.0,10.9,15.1,226.0,183.0
211,115080,Nepo Laulala,13.0,10.5,15.5,231.0,180.0
212,197832,Sam Darry,12.850000000000001,9.8,15.9,239.0,178.0
213,192960,Rory Scott,12.8,8.1,17.5,265.0,160.0
214,182292,Josh Kemeny,12.65,10.0,15.3,235.0,182.0
215,134460,Richard Hardwick,12.6,11.2,14.0,224.0,202.0
216,156996,Tom Robinson,12.5,9.9,15.1,237.0,184.0
217,124362,Henry Taefu,12.45,12.3,12.6,210.0,221.0
218,139980,Ned Hanigan,12.4,10.3,14.5,232.0,194.0
219,192546,Joey Walton,12.350000000000001,11.8,12.9,213.0,215.0
220,241614,Peter Lakai,12.35,11.5,13.2,219.0,212.0
221,103392,Teti Tela,12.2,11.7,12.7,214.0,220.0
222,149730,Ere Enari,12.1,13.1,11.1,197.0,241.0
223,153402,Rhys Van Nek,11.950000000000001,7.8,16.1,269.0,173.0
224,134682,James Tuttle,11.9,14.5,9.3,187.0,266.0
225,157056,Andrew Makalio,11.850000000000001,9.8,13.9,238.0,203.0
226,115806,Joe Moody,11.8,9.0,14.6,242.0,193.0
227,206700,Fletcher Newell,11.65,8.3,15.0,258.0,185.0
228,102870,Angus Ta'avao,11.35,9.0,13.7,243.0,206.0
229,192480,Billy Pollard,11.3,8.2,14.4,262.0,195.0
230,130380,Josh Dickson,11.149999999999999,7.6,14.7,275.0,190.0
231,128226,Peni Ravai,11.100000000000001,10.3,11.9,233.0,231.0
232,141732,Sam Nock,11.05,12.4,9.7,207.0,259.0
233,173868,Bailyn Sullivan,10.95,12.6,9.3,203.0,263.0
234,142170,Alex Mafi,10.85,9.0,12.7,244.0,219.0
235,346554,Max Jorgensen,10.85,14.9,6.8,183.0,305.0
236,173094,Scott Gregory,10.8,11.2,10.4,223.0,250.0
237,148230,Alamanda Motuga,10.8,8.2,13.4,263.0,210.0
238,160674,Tuaina Taii Tualima,10.7,9.0,12.4,246.0,226.0
239,130686,Tom Robertson,10.65,8.4,12.9,256.0,216.0
240,142302,Nick Jooste,10.55,11.3,9.8,222.0,258.0
241,69492,Aaron Smith,10.5,14.1,6.9,190.0,302.0
242,132966,Jamie Booth,10.45,13.9,7.0,192.0,298.0
243,216066,Zach Gallagher,10.4,7.3,13.5,277.0,209.0
244,149658,Pouri Rakete-Stones,10.4,8.3,12.5,259.0,223.0
245,160668,Jake Strachan,10.35,13.0,7.7,199.0,287.0
246,191418,Glen Vaihu,10.25,12.4,8.1,208.0,283.0
247,235482,Justin Sangster,10.2,8.5,11.9,255.0,232.0
248,131382,Feleti Kaitu'u,10.149999999999999,7.6,12.7,274.0,218.0
249,201210,Meli Derenalagi,10.05,9.8,10.3,240.0,252.0
250,149808,Izack Rodda,10.0,8.7,11.3,249.0,237.0
251,103554,Ian Prior,9.8,12.5,7.1,204.0,296.0
252,60192,Owen Franks,9.75,7.1,12.4,280.0,225.0
253,111024,TJ Perenara,9.7,13.0,6.4,198.0,309.0
254,133770,Jack Goodhue,9.6,9.0,10.2,245.0,253.0
255,185118,Mesulame Dolokoto,9.55,8.6,10.5,253.0,247.0
256,203430,Lotu Inisi,9.55,8.8,10.3,247.0,251.0
257,166242,Lachlan Swinton,9.25,6.9,11.6,281.0,234.0
258,188610,Lincoln McClutchie,8.95,11.5,6.4,220.0,310.0
259,216096,Ruben Love,8.95,12.5,5.4,206.0,325.0
260,125064,Sam Talakai,8.9,5.5,12.3,313.0,227.0
261,131148,Sef Fa'agase,8.899999999999999,7.1,10.7,279.0,245.0
262,243174,Tom Lynagh,8.850000000000001,9.4,8.3,241.0,281.0
263,54150,Christian Leali'ifano,8.85,10.6,7.1,229.0,295.0
264,175518,Laghlan McWhannell,8.75,7.7,9.8,271.0,257.0
265,132948,James Lentjes,8.649999999999999,5.6,11.7,311.0,233.0
266,133602,Folau Fainga'a,8.6,6.7,10.5,286.0,249.0
267,118578,Pablo Matera,8.5,7.9,9.1,267.0,268.0
268,147540,Oli Jager,8.45,5.7,11.2,308.0,238.0
269,149820,Richie Asiata,8.35,5.8,10.9,306.0,244.0
270,234684,Max Hicks,8.25,5.5,11.0,312.0,242.0
271,119346,Alex Hodgman,8.2,6.5,9.9,291.0,256.0
272,160818,Irae Simone,8.2,6.8,9.6,283.0,260.0
273,131862,Taniela Tupou,8.2,8.6,7.8,251.0,286.0
274,113970,Tetera Faulkner,8.2,4.4,12.0,334.0,228.0
275,208926,Mac Grealy,8.15,10.0,6.3,236.0,312.0
276,144780,Rob Leota,8.15,6.7,9.6,285.0,261.0
277,124602,Patrick Tuipulotu,8.149999999999999,8.1,8.2,264.0,282.0
278,147456,Peter Umaga-Jensen,8.0,8.4,7.6,257.0,288.0
279,197916,Josh Lord,7.95,6.4,9.5,292.0,262.0
280,161100,Connor Vest,7.800000000000001,6.3,9.3,294.0,265.0
281,134016,Monty Ioane,7.800000000000001,10.8,4.8,227.0,341.0
282,140028,George Bridge,7.8,8.7,6.9,250.0,300.0
283,140016,Lukhan Salakaia-Loto,7.6499999999999995,6.6,8.7,289.0,274.0
284,134886,Reed Prinsep,7.550000000000001,5.8,9.3,305.0,264.0
285,185988,Pone Fa'amausili,7.550000000000001,6.7,8.4,284.0,280.0
286,188904,Luteru Tolai,7.5,6.4,8.6,293.0,276.0
287,156768,Jordan Lay,7.5,5.0,10.0,318.0,254.0
288,204888,David Feliuai,7.5,7.7,7.3,273.0,292.0
289,173436,Manaaki Selby-Rickit,7.4,6.0,8.8,304.0,272.0
290,111492,Kyle Godwin,7.35,7.4,7.3,276.0,293.0
291,197910,Saula Mau,7.35,6.1,8.6,299.0,275.0
292,191484,Reesjan Pasitoa,7.2,8.3,6.1,260.0,315.0
293,118740,Rhys Marshall,7.15,6.2,8.1,297.0,284.0
294,131178,Ryan McCauley,7.1000000000000005,5.4,8.8,314.0,273.0
295,120534,Toni Pulu,7.1,7.9,6.3,268.0,313.0
296,62514,Luke Romano,7.05,6.1,8.0,300.0,285.0
297,139962,Alex Newsome,6.95,8.8,5.1,248.0,334.0
298,153636,Blake Schoupp,6.949999999999999,4.8,9.1,322.0,270.0
299,234774,Felix Kalapu,6.9,6.6,7.2,290.0,294.0
300,209904,Zuriel Togiatama,6.75,4.4,9.1,331.0,269.0
301,140406,Jonathan Taumateine,6.75,7.7,5.8,272.0,318.0
302,168996,Samuel Slade,6.65,4.9,8.4,320.0,279.0
303,196962,Dane Zander,6.65,2.8,10.5,378.0,248.0
304,197814,Tyrone Thompson,6.6,5.7,7.5,309.0,290.0
305,234528,Fabian Holland,6.5,4.6,8.4,325.0,278.0
306,262374,Miracle Faiilagi,6.35,6.0,6.7,302.0,307.0
307,234726,Macca Springer,6.2,7.2,5.2,278.0,330.0
308,226464,Daniel Rona,6.15,6.6,5.7,288.0,319.0
309,157332,Tima Fainga'anuku,6.15,6.8,5.5,282.0,323.0
310,149994,Sefo Kautai,6.15,3.8,8.5,353.0,277.0
311,175506,Sione Havili,6.1,4.8,7.4,321.0,291.0
312,221874,Max Burey,6.05,8.6,3.5,254.0,371.0
313,197928,Taufa Funaki,6.0,8.0,4.0,266.0,359.0
314,184806,Caleb Muntz,6.0,5.0,7.0,319.0,299.0
315,173526,Brett Cameron,5.800000000000001,8.3,3.3,261.0,383.0
316,130758,Tom Banks,5.8,7.8,3.8,270.0,363.0
317,173826,Pita Sowakula,5.75,6.2,5.3,298.0,327.0
318,134976,Connal McInerney,5.75,4.0,7.5,348.0,289.0
319,211644,Jone Koroiduadua,5.699999999999999,5.1,6.3,316.0,311.0
320,234552,Alex McRobbie,5.6,4.3,6.9,338.0,301.0
321,216138,Corey Kellow,5.5,3.9,7.1,350.0,297.0
322,197988,Soane Vikena,5.35,4.5,6.2,330.0,314.0
323,243180,Tamati Ioane,5.300000000000001,4.7,5.9,323.0,317.0
324,118824,Bryn Hall,5.25,6.1,4.4,301.0,352.0
325,165168,Jona Nareki,5.25,6.3,4.2,295.0,356.0
326,233220,Vinaya Habosi,5.2,6.7,3.7,287.0,368.0
327,130674,Cameron Orr,5.15,3.4,6.9,364.0,303.0
328,52146,Sekope Kepu,5.15,3.6,6.7,363.0,306.0
329,152016,Pari  Parkinson,5.1,3.7,6.5,361.0,308.0
330,128754,Jack Debreczeni,5.0,5.2,4.8,315.0,344.0
331,149724,Dalton Papalii,5.0,3.1,6.9,373.0,304.0
332,234714,Noah Hotham,4.9,6.3,3.5,296.0,373.0
333,193470,Isaac Aedo Kailea,4.85,4.5,5.2,328.0,332.0
334,351972,Angelo Smith,4.85,4.2,5.5,339.0,324.0
335,235854,Nikora Broughton,4.85,4.6,5.1,326.0,335.0
336,176142,Jack Grant,4.8,5.8,3.8,307.0,365.0
337,214284,George Bell,4.75,3.8,5.7,356.0,320.0
338,164082,Neria Fomai,4.699999999999999,5.1,4.3,317.0,354.0
339,103230,Scott Sio,4.65,3.7,5.6,360.0,322.0
340,58002,Jeremy Thrush,4.65,4.1,5.2,343.0,331.0
341,130854,Henry Stowers,4.6,4.4,4.8,332.0,342.0
342,153312,Trevor Hosea,4.6,3.9,5.3,349.0,326.0
343,215670,Charlie Cale,4.55,4.1,5.0,344.0,336.0
344,166722,Tom Ross,4.300000000000001,2.7,5.9,385.0,316.0
345,141702,Taleni Seu,4.3,3.8,4.8,354.0,343.0
346,196686,Jackson Pugh,4.3,3.6,5.0,362.0,337.0
347,126420,Ray Niuia,4.25,4.0,4.5,346.0,349.0
348,124284,Andrew Ready,4.25,4.2,4.3,340.0,353.0
349,60150,Dane Coles,4.25,3.8,4.7,357.0,346.0
350,165876,Harry Hoopert,4.25,3.2,5.3,368.0,328.0
351,116328,John Ryan,4.15,2.7,5.6,386.0,321.0
352,184740,Xavier Roe,4.1,5.7,2.5,310.0,418.0
353,166788,Angus Wagner,4.1,3.1,5.1,371.0,333.0
354,214296,Jamie Hannah,4.0,3.9,4.1,352.0,357.0
355,153054,Josh Nasser,4.0,3.1,4.9,370.0,340.0
356,132954,Blake Gibson,3.95,2.9,5.0,375.0,338.0
357,62538,Willi Heinz,3.95,4.5,3.4,327.0,375.0
358,192606,Tom Lambert,3.9,3.3,4.5,365.0,350.0
359,161388,Harrison Goddard,3.8000000000000003,4.4,3.2,333.0,391.0
360,44196,Richard Kahui,3.8,4.3,3.3,337.0,385.0
361,188916,Mosese Dawai,3.8,4.2,3.4,341.0,376.0
362,124392,Mesake Doge,3.8,2.8,4.8,381.0,345.0
363,133386,Mitchell Hunt,3.75,4.5,3.0,329.0,396.0
364,141636,Mike McKee,3.7,2.2,5.2,416.0,329.0
365,206796,Etonia Waqa,3.7,3.7,3.7,359.0,366.0
366,133386,Mitch Hunt,3.6999999999999997,4.6,2.8,324.0,403.0
367,175506,Sione Havili Talitui,3.65,2.7,4.6,384.0,348.0
368,221310,Liam Coombes-Fabling,3.65,4.0,3.3,347.0,382.0
369,197838,Simon Parker,3.6,2.8,4.4,379.0,351.0
370,126990,James O'Reilly,3.5999999999999996,2.6,4.6,389.0,347.0
371,215352,Marley Pearce,3.5,3.1,3.9,372.0,362.0
372,132846,Wes Goosen,3.5,4.3,2.7,335.0,405.0
373,190956,Archer Holz,3.45,2.0,4.9,426.0,339.0
374,335394,George Poolman,3.4499999999999997,4.1,2.8,342.0,404.0
375,201210,Ratu Meli Derenalagi,3.35,3.0,3.7,374.0,369.0
376,233214,Onisi Ratave,3.3,4.3,2.3,336.0,425.0
377,189198,Michael Curry,3.25,2.5,4.0,391.0,360.0
378,149730,Ereatara Enari,3.2,3.9,2.5,351.0,416.0
379,206814,Simione Kuruvoli,3.2,4.0,2.4,345.0,421.0
380,197514,Jacob Norris,3.1,2.0,4.2,432.0,355.0
381,176640,Ricky Jackson,3.1,2.5,3.7,393.0,367.0
382,130728,Joe Powell,3.05,3.2,2.9,367.0,397.0
383,234642,Pasilio Tosi,3.05,2.5,3.6,394.0,370.0
384,200016,Siosifa Amone,2.95,2.7,3.2,388.0,387.0
385,114240,Gareth Evans,2.95,2.5,3.4,392.0,378.0
386,156930,Chris Apoua,2.9,2.0,3.8,428.0,364.0
387,149760,Angus Scott-Young,2.9,2.3,3.5,409.0,372.0
388,156912,Mark Tele'a,2.85,3.7,2.0,358.0,443.0
389,125400,Zach Kibirige,2.8499999999999996,3.8,1.9,355.0,447.0
390,216060,Allan Craig,2.8,2.2,3.4,417.0,377.0
391,124566,Sione Mafileo,2.8,1.5,4.1,465.0,358.0
392,160248,Rahboni Warren-Vosayaco,2.8,2.3,3.3,406.0,381.0
393,200826,Jonah Mau'u,2.75,2.3,3.2,410.0,388.0
394,130374,Geoff Cridge,2.75,2.4,3.1,403.0,392.0
395,225624,Henry Bell,2.7,2.1,3.3,424.0,384.0
396,102852,Liam Coltman,2.7,1.9,3.5,437.0,374.0
397,182808,Triston Reilly,2.7,2.8,2.6,380.0,412.0
398,120600,Brynard Stander,2.65,2.5,2.8,396.0,401.0
399,141918,Reuben O'Neill,2.65,1.3,4.0,479.0,361.0
400,175944,Eroni Sau,2.5999999999999996,3.3,1.9,366.0,449.0
401,60666,James Hanson,2.55,2.1,3.0,419.0,395.0
402,141966,Joe Apikotoa,2.55,1.9,3.2,438.0,390.0
403,102888,Tom Franklin,2.5,1.6,3.4,454.0,379.0
404,197934,Rivez Reihana,2.5,3.1,1.9,369.0,452.0
405,126948,Marty Banks,2.5,2.9,2.1,377.0,433.0
406,58062,Matt To'omua,2.5,2.4,2.6,401.0,408.0
407,358770,Mesake Vocevoce,2.45,2.4,2.5,400.0,417.0
408,153300,Isaac Henry,2.45,2.5,2.4,397.0,422.0
409,176412,Josh Timu,2.45,2.3,2.6,411.0,407.0
410,184692,Kaliopasi Uluilakepa,2.45,2.1,2.8,421.0,400.0
411,140388,Pepesana Patafilo,2.4,2.3,2.5,414.0,415.0
412,197160,Bo Abra,2.4,2.0,2.8,430.0,399.0
413,214302,TK Howden,2.4,1.8,3.0,443.0,394.0
414,197568,Hudson Creighton,2.4,2.4,2.4,404.0,419.0
415,116364,Tom Savage,2.4,1.5,3.3,463.0,380.0
416,160248,Rahboni Vosayaco,2.35,2.1,2.6,422.0,410.0
417,206754,Livai Natave,2.35,1.6,3.1,453.0,393.0
418,225510,Anzelo Tuitavuki,2.3499999999999996,2.8,1.9,382.0,453.0
419,135594,Feao Fotuaika,2.3,1.4,3.2,468.0,386.0
420,121920,Nemani Nagusa,2.3,2.0,2.6,427.0,413.0
421,353514,Taniela Rakuro,2.3,2.9,1.7,376.0,464.0
422,153462,Will Harrison,2.25,2.7,1.8,387.0,459.0
423,124440,Viliame Rarasea,2.25,2.3,2.2,407.0,428.0
424,124350,Jake McIntyre,2.25,2.3,2.2,412.0,430.0
425,140046,Josh Goodhue,2.25,1.7,2.8,447.0,402.0
426,177192,Joe Pincus,2.25,2.8,1.7,383.0,465.0
427,169320,Tanielu Tele'a,2.2,2.4,2.0,398.0,436.0
428,234750,Veikoso Poloniati,2.2,2.0,2.4,436.0,420.0
429,243168,Lopeti Faifua,2.2,1.5,2.9,460.0,398.0
430,151284,D'Angelo Leuila,2.2,2.6,1.8,390.0,461.0
431,52122,Bryn Evans,2.2,1.2,3.2,483.0,389.0
432,197910,Saula Ma'u,2.15,1.7,2.6,445.0,409.0
433,54150,Christian Lealiifano,2.15,1.9,2.4,440.0,423.0
434,153126,Byron Ralston,2.15,2.3,2.0,405.0,441.0
435,134436,Kane Koteka,2.1,1.7,2.5,451.0,414.0
436,153846,Matthew Faessler,2.05,1.5,2.6,461.0,411.0
437,156744,James Lay,2.05,1.9,2.2,441.0,427.0
438,187782,Ray Nu'u,2.05,2.1,2.0,420.0,438.0
439,218022,Solomone Kata,2.05,2.4,1.7,399.0,463.0
440,242214,Riley Higgins,2.0,2.0,2.0,429.0,437.0
441,234786,Corey Evans,2.0,2.1,1.9,418.0,448.0
442,123288,Nigel Ah Wong,1.95,2.3,1.6,413.0,472.0
443,185178,Tuidraki Samusamuvodre,1.95,2.0,1.9,433.0,446.0
444,198204,Cole Forbes,1.95,2.5,1.4,395.0,481.0
445,169176,Suetena Asomua,1.9,1.8,2.0,442.0,435.0
446,165984,Sama Malolo,1.9,1.8,2.0,444.0,440.0
447,149994,Sosefo Kautai,1.85,1.0,2.7,500.0,406.0
448,47898,Jamie Roberts,1.85,1.7,2.0,452.0,442.0
449,216504,Harry Wilson,1.85,2.1,1.6,423.0,470.0
450,189198,Mike Curry,1.85,1.7,2.0,446.0,439.0
451,264216,Lukas Ripley,1.85,2.0,1.7,434.0,467.0
452,199476,Miles Amatosero,1.8,1.6,2.0,458.0,444.0
453,214302,Te Kamaka Howden,1.75,1.4,2.1,471.0,434.0
454,207552,Sorovakatini Tuifagalele,1.75,1.7,1.8,449.0,455.0
455,61110,Freddie Burns,1.75,2.4,1.1,402.0,502.0
456,140076,Te Toiroa Tahuriorangi,1.75,2.2,1.3,415.0,488.0
457,149652,Ayden Johnstone,1.75,1.3,2.2,474.0,429.0
458,168954,Ryan Coxon,1.75,1.3,2.2,478.0,431.0
459,143130,Jared Proffit,1.7,1.1,2.3,491.0,424.0
460,190836,Julian Heaven,1.7,1.1,2.3,495.0,426.0
461,127404,Jackson Garden-Bachop,1.65,2.3,1.0,408.0,506.0
462,337404,Wallace Sititi,1.6,1.5,1.7,464.0,462.0
463,216084,Manu Paea,1.6,2.0,1.2,431.0,497.0
464,206838,Epeli Momo,1.6,2.0,1.2,425.0,491.0
465,337380,Oliver Haig,1.55,1.3,1.8,477.0,457.0
466,350070,Michael Naitokani,1.5499999999999998,1.7,1.4,448.0,478.0
467,234576,Harry Godfrey,1.5,2.0,1.0,435.0,511.0
468,215100,Teddy Wilson,1.45,1.7,1.2,450.0,499.0
469,197898,Tiaan Tauakipulu,1.4,0.9,1.9,504.0,445.0
470,216042,James Arscott,1.4,1.6,1.2,455.0,498.0
471,132840,Leni Apisai,1.4,0.7,2.1,524.0,432.0
472,128562,Hayden Thompson-Stringer,1.4,1.0,1.8,498.0,460.0
473,337362,Josh Beehre,1.4,1.2,1.6,481.0,468.0
474,203532,Jake Upfield,1.35,1.1,1.6,488.0,471.0
475,121908,Manasa Saulo,1.35,0.9,1.8,506.0,456.0
476,335274,Josh Fusitu'a,1.35,1.1,1.6,487.0,469.0
477,144894,Kitione Taliga,1.35,1.9,0.8,439.0,524.0
478,213912,Daniel Botha,1.35,0.8,1.9,517.0,454.0
479,126294,Rodney Iona,1.35,1.3,1.4,475.0,482.0
480,196518,Emosi Tuqiri,1.35,0.9,1.8,505.0,458.0
481,196182,Sam Wallis,1.35,0.8,1.9,516.0,450.0
482,193710,Kemu Valetini,1.35,1.4,1.3,470.0,489.0
483,225732,Kershawl Sykes-Martin,1.35,0.8,1.9,515.0,451.0
484,142446,George Worth,1.35,1.3,1.4,480.0,480.0
485,206778,Chris Minimbi,1.35,1.2,1.5,484.0,477.0
486,43530,Greg Holmes,1.3,1.0,1.6,496.0,473.0
487,182334,Harry Potter,1.3,1.6,1.0,457.0,508.0
488,335274,Josh Fusitua,1.3,0.9,1.7,508.0,466.0
489,225534,Mahroni Ngakuru,1.3,1.1,1.5,492.0,476.0
490,176082,Kitione Ratu,1.3,1.6,1.0,459.0,510.0
491,185058,Will Tucker,1.25,1.0,1.5,499.0,475.0
492,234630,Penitoa Finau,1.2000000000000002,1.1,1.3,494.0,487.0
493,184716,Kaleb Trask,1.2000000000000002,1.6,0.8,456.0,533.0
494,173694,Riley Hohepa,1.2,1.5,0.9,462.0,520.0
495,225498,Finlay Brewis,1.15,0.8,1.5,513.0,474.0
496,123270,Bryce Hegarty,1.15,1.4,0.9,467.0,518.0
497,130398,Tau Koloamatangi,1.15,0.9,1.4,511.0,479.0
498,177180,Ben O'Donnell,1.1,1.3,0.9,472.0,515.0
499,233532,Viliami Fine,1.1,1.4,0.8,469.0,530.0
500,214638,Taj Annan,1.1,0.8,1.4,518.0,485.0
501,193434,Mosese Tuipulotu,1.1,1.0,1.2,501.0,496.0
502,240654,Cameron Millar,1.1,1.3,0.9,476.0,513.0
503,141654,Richard Judd,1.1,1.3,0.9,473.0,517.0
504,119856,Ruan Smith,1.05,0.9,1.2,512.0,494.0
505,215232,Isaiah Armstrong-Ravula,1.0,1.4,0.6,466.0,543.0
506,118806,Jimmy Tupou,1.0,0.8,1.2,514.0,493.0
507,242712,Darby Lancaster,0.95,1.2,0.7,486.0,539.0
508,162522,Nephi Leatigaga,0.95,0.7,1.2,521.0,492.0
509,102846,Jeff Toomaga-Allen,0.95,0.6,1.3,527.0,486.0
510,144144,Karl Tu'inukuafe,0.95,0.7,1.2,520.0,495.0
511,229494,Martin Bogado,0.95,1.2,0.7,485.0,537.0
512,118902,Tolu Latu,0.9,0.9,0.9,507.0,516.0
513,211692,Josh Hill,0.8999999999999999,0.4,1.4,556.0,483.0
514,335184,Maciu Nabolakasi,0.8999999999999999,0.4,1.4,555.0,484.0
515,215886,John Bryant,0.8999999999999999,0.6,1.2,537.0,490.0
516,141936,Tomasi Alosio,0.8500000000000001,1.1,0.6,490.0,546.0
517,140034,Isileli Tu'ungafasi,0.8500000000000001,0.6,1.1,530.0,504.0
518,227238,Young Tonumaipea,0.8500000000000001,1.1,0.6,493.0,549.0
519,140058,Mitchell Dunshea,0.8500000000000001,0.6,1.1,531.0,500.0
520,170418,Cormac Daly,0.8500000000000001,0.9,0.8,510.0,526.0
521,197064,Ola Tauelangi,0.8,0.6,1.0,525.0,507.0
522,342090,Ajay Faleafaga,0.8,1.1,0.5,489.0,554.0
523,115062,Johnny McNicholl,0.8,1.2,0.4,482.0,559.0
524,169320,Tanielu Tele?a,0.8,0.7,0.9,522.0,521.0
525,109848,Brad Shields,0.8,0.5,1.1,549.0,503.0
526,358626,Harry McLaughlin-Phillips,0.8,0.9,0.7,509.0,535.0
527,116490,Rhys Patchell,0.75,1.0,0.5,502.0,556.0
528,211662,Rusiate Nasove,0.75,0.7,0.8,519.0,523.0
529,213828,George Blake,0.75,0.6,0.9,533.0,519.0
530,340692,Jack Taylor,0.75,0.4,1.1,554.0,501.0
531,117294,Jesse Mogg,0.75,1.0,0.5,497.0,553.0
532,130410,Atu Moli,0.75,0.5,1.0,543.0,509.0
533,222762,Irie Papuni,0.7,0.6,0.8,528.0,528.0
534,63654,Jack Lam,0.7,0.6,0.8,539.0,527.0
535,166686,Fred Kaihea,0.7,0.6,0.8,538.0,529.0
536,351018,Kyren Taumoefolau,0.7,1.0,0.4,503.0,565.0
537,199812,Lukas Ripley,0.65,0.5,0.8,545.0,534.0
538,69654,Josh Hohneck,0.65,0.5,0.8,551.0,531.0
539,173400,Jacob Devery,0.65,0.5,0.8,542.0,522.0
540,177228,Ed Kennedy,0.65,0.4,0.9,565.0,512.0
541,216126,Seb Calder,0.65,0.3,1.0,568.0,505.0
542,170106,Sione Tu'ipulotu,0.6499999999999999,0.6,0.7,526.0,541.0
543,235848,Josh Bartlett,0.6499999999999999,0.6,0.7,536.0,538.0
544,165882,Efi Ma'afu,0.6,0.6,0.6,529.0,544.0
545,196170,Kianu Kereru-Symes,0.6,0.5,0.7,544.0,540.0
546,112806,Dominic Bird,0.6,0.5,0.7,548.0,536.0
547,334872,Daniel Maiava,0.6,0.6,0.6,532.0,542.0
548,206736,Meli Tuni,0.6,0.3,0.9,570.0,514.0
549,130416,Tom Sanders,0.55,0.5,0.6,541.0,545.0
550,161598,Harry Lloyd,0.5,0.4,0.6,560.0,547.0
551,223278,Sateki Latu,0.5,0.2,0.8,591.0,525.0
552,225588,Ioane Moananu,0.5,0.6,0.4,534.0,566.0
553,113676,Sam Carter,0.5,0.4,0.6,561.0,548.0
554,186306,Timoci Sauvoli,0.5,0.6,0.4,535.0,564.0
555,206706,Taine Plumtree,0.5,0.4,0.6,557.0,550.0
556,339924,Taha Kemara,0.5,0.6,0.4,540.0,571.0
557,125970,Mitch Brown,0.5,0.2,0.8,590.0,532.0
558,337440,Jake Te Hiwi,0.45,0.5,0.4,553.0,558.0
559,120774,Lolagi Visinia,0.45,0.5,0.4,546.0,568.0
560,140382,Melani Matavao,0.44999999999999996,0.7,0.2,523.0,588.0
561,124578,Hame Faiva,0.44999999999999996,0.3,0.6,582.0,551.0
562,163722,Denny Solomona,0.4,0.4,0.4,563.0,572.0
563,130716,Ross Haylett-Petty,0.4,0.3,0.5,573.0,552.0
564,124368,Brad Lacey,0.4,0.5,0.3,550.0,582.0
565,124596,Scott Scrafton,0.4,0.4,0.4,562.0,562.0
566,266268,Jona Mataiciwa,0.35,0.4,0.3,564.0,580.0
567,152838,Gareth Simpson,0.35,0.5,0.2,547.0,605.0
568,54198,Kurtley Beale,0.35,0.5,0.2,552.0,595.0
569,60558,Ryan Crotty,0.35,0.3,0.4,580.0,573.0
570,160656,Isi Naisarani,0.35,0.3,0.4,567.0,567.0
571,185064,Ngatungane Punivai,0.35,0.3,0.4,566.0,575.0
572,197472,Potu Leavasa,0.35,0.2,0.5,596.0,555.0
573,111504,Paddy Ryan,0.35,0.2,0.5,589.0,557.0
574,197850,Niko Jones,0.30000000000000004,0.2,0.4,598.0,569.0
575,350364,Iliesa Junior Ratuva,0.30000000000000004,0.4,0.2,559.0,587.0
576,149670,Sam Caird,0.30000000000000004,0.2,0.4,588.0,561.0
577,191478,Spencer Jeans,0.30000000000000004,0.4,0.2,558.0,594.0
578,118866,Matt Proctor,0.30000000000000004,0.2,0.4,586.0,574.0
579,197328,Max Douglas,0.30000000000000004,0.2,0.4,599.0,560.0
580,337374,Tahlor Cahill,0.30000000000000004,0.2,0.4,604.0,570.0
581,115074,Ben Funnell,0.3,0.3,0.3,575.0,584.0
582,130854,Henry Time-Stowers,0.3,0.3,0.3,571.0,585.0
583,241830,Daniel Sinkinson,0.3,0.3,0.3,574.0,577.0
584,120768,Simon Hickey,0.25,0.3,0.2,576.0,591.0
585,338154,Declan Meredith,0.25,0.3,0.2,581.0,602.0
586,66642,Nemani Nadolo,0.25,0.3,0.2,572.0,608.0
587,204918,Jone Tiko,0.25,0.1,0.4,635.0,576.0
588,198180,Pasilio Tosi,0.25,0.2,0.3,597.0,578.0
589,166668,Charlie Hancock,0.25,0.1,0.4,613.0,563.0
590,131034,Leone Nawai,0.25,0.3,0.2,569.0,598.0
591,141966,Joe 'Apikotoa,0.25,0.2,0.3,585.0,583.0
592,338310,Isikeli Rabitu,0.25,0.3,0.2,577.0,609.0
593,340854,Willi Gualter,0.2,0.2,0.2,595.0,586.0
594,166026,Ben Grant,0.2,0.1,0.3,634.0,581.0
595,124632,Teihorangi Walden,0.2,0.2,0.2,592.0,600.0
596,124554,Donald Brighouse,0.2,0.2,0.2,607.0,613.0
597,142068,Jack Maunder,0.2,0.3,0.1,584.0,615.0
598,234516,Josh Jacomb,0.2,0.3,0.1,583.0,622.0
599,132324,Tim Cardall,0.2,0.2,0.2,605.0,606.0
600,200088,Ben Dowling,0.2,0.3,0.1,579.0,628.0
601,206022,James Turner,0.2,0.3,0.1,578.0,621.0
602,197274,Hunter Ward,0.2,0.1,0.3,630.0,579.0
603,156750,Josh Kaifa,0.2,0.2,0.2,594.0,596.0
604,358584,Tim Ryan,0.15000000000000002,0.1,0.2,650.0,593.0
605,234570,Peniasi Malimali,0.15000000000000002,0.2,0.1,601.0,631.0
606,146790,Hamilton Burr,0.15000000000000002,0.1,0.2,631.0,614.0
607,206694,Shilo Klein,0.15000000000000002,0.1,0.2,649.0,607.0
608,166152,Michael McDonald,0.15000000000000002,0.2,0.1,603.0,640.0
609,149718,Alex Fidow,0.15000000000000002,0.1,0.2,608.0,611.0
610,266334,Raymond Tuputupu,0.15000000000000002,0.1,0.2,637.0,604.0
611,153426,Ethan Dobbins,0.15000000000000002,0.1,0.2,619.0,612.0
612,233106,Aisea Halo,0.15000000000000002,0.2,0.1,600.0,634.0
613,128346,Cam Clark,0.15000000000000002,0.1,0.2,611.0,610.0
614,191382,Harry Vella,0.15000000000000002,0.1,0.2,612.0,601.0
615,344394,Hugo Plummer,0.15000000000000002,0.1,0.2,615.0,599.0
616,222630,Zac Von Appen,0.15000000000000002,0.1,0.2,610.0,590.0
617,214698,Klayton Thorn,0.15000000000000002,0.2,0.1,587.0,626.0
618,205134,Connor Anderson,0.15000000000000002,0.1,0.2,628.0,603.0
619,190878,Matt Whaanga,0.15000000000000002,0.1,0.2,622.0,597.0
620,235956,Heremaia Murray,0.15000000000000002,0.2,0.1,593.0,633.0
621,235872,Semisi Paea,0.15000000000000002,0.1,0.2,609.0,592.0
622,215184,Henry O'Donnell,0.15000000000000002,0.2,0.1,606.0,616.0
623,338274,Motikiai Murray,0.15000000000000002,0.1,0.2,624.0,589.0
624,69582,Baden Kerr,0.15000000000000002,0.2,0.1,602.0,630.0
625,63072,Quentin MacDonald,0.1,0.1,0.1,614.0,635.0
626,318996,Kemu Valentini,0.1,0.1,0.1,625.0,642.0
627,233094,Jay Fonokalafi,0.1,0.1,0.1,618.0,641.0
628,358716,Jordi Viljoen,0.1,0.1,0.1,642.0,653.0
629,130434,Kaveinga Finau,0.1,0.1,0.1,623.0,644.0
630,234522,Nathan Hastie,0.1,0.1,0.1,621.0,638.0
631,142266,Anaru Rangi,0.1,0.1,0.1,651.0,650.0
632,121002,Tom Parsons,0.1,0.1,0.1,640.0,619.0
633,266664,Solomone Tukuafu,0.1,0.1,0.1,641.0,636.0
634,42702,John Afoa,0.1,0.1,0.1,638.0,629.0
635,193692,Rory van Vugt,0.1,0.1,0.1,617.0,648.0
636,336636,Seb Calder,0.1,0.1,0.1,626.0,617.0
637,337386,Jamie Hannah,0.1,0.1,0.1,616.0,632.0
638,227544,Reece Tapine,0.1,0.1,0.1,632.0,647.0
639,211998,Siua Maile,0.1,0.1,0.1,647.0,623.0
640,342084,Will Stodart,0.1,0.1,0.1,620.0,637.0
641,225660,Freedom Vahaakolo	,0.1,0.1,0.1,629.0,654.0
642,173844,Tom Florence,0.1,0.1,0.1,648.0,649.0
643,215232,Isaiah Ravula,0.1,0.1,0.1,627.0,645.0
644,168966,Kemara Hauiti-Parapara,0.1,0.1,0.1,633.0,646.0
645,196914,Theo Fourie,0.05,0.0,0.1,657.0,659.0
646,117606,Chris Feauai-Sautia,0.05,0.0,0.1,673.0,643.0
647,214626,Mason Gordon,0.05,0.1,0.0,643.0,675.0
648,235950,Jock McKenzie,0.05,0.1,0.0,636.0,665.0
649,216648,Tyler Laubscher,0.05,0.0,0.1,654.0,651.0
650,197958,Lalomilo ,0.05,0.1,0.0,644.0,670.0
651,60582,Josh Bekhuis,0.05,0.0,0.1,663.0,620.0
652,206502,Napolioni Bolaca,0.05,0.1,0.0,646.0,688.0
653,52272,Ben May,0.05,0.0,0.1,684.0,656.0
654,48240,John Ulugia,0.05,0.0,0.1,703.0,655.0
655,235224,PJ Sheck,0.05,0.0,0.1,671.0,627.0
656,335940,Jone Tiko,0.05,0.0,0.1,659.0,639.0
657,161850,Sam Thomson,0.05,0.0,0.1,668.0,618.0
658,226074,Lewis Ponini,0.05,0.0,0.1,660.0,625.0
659,164070,Vilimoni Koroi,0.05,0.1,0.0,639.0,673.0
660,350058,Phransis Sula- Siaosi,0.05,0.0,0.1,661.0,624.0
661,142242,Moses Sorovi,0.05,0.1,0.0,645.0,676.0
662,169080,Raikabula Momoedonu,0.05,0.0,0.1,676.5,658.0
663,354576,Jack Wright,0.05,0.0,0.1,676.5,657.0
664,164628,Nelson Rebolo,0.05,0.0,0.1,664.0,652.0
665,338496,Louis Werchon,0.0,0.0,0.0,669.0,662.0
666,337416,Finn Hurley,0.0,0.0,0.0,734.0,714.0
667,336972,Taj Annan,0.0,0.0,0.0,691.0,725.0
668,360696,James Mullan,0.0,0.0,0.0,734.0,739.0
669,337392,Siale Lauaki,0.0,0.0,0.0,712.0,680.0
670,359628,Vuate Karawalevu,0.0,0.0,0.0,689.0,723.0
671,358818,Waqa Nalaga,0.0,0.0,0.0,698.0,706.0
672,340308,Kauvaka Kaivelata,0.0,0.0,0.0,716.0,726.0
673,297552,William Sankey,0.0,0.0,0.0,667.0,668.0
674,358818,Epeli Waqaicece,0.0,0.0,0.0,734.0,728.0
675,337422,Joel Lam,0.0,0.0,0.0,710.0,721.0
676,355134,Marley Pearce,0.0,0.0,0.0,662.0,685.0
677,336438,Floyd Aubrey,0.0,0.0,0.0,734.0,739.0
678,337434,Jone Rova,0.0,0.0,0.0,734.0,724.0
679,336558,George Bell,0.0,0.0,0.0,704.0,690.0
680,343494,Fletcher Anderson,0.0,0.0,0.0,734.0,708.0
681,342078,Rohan Wingham,0.0,0.0,0.0,655.0,674.0
682,358638,Jack Barrett,0.0,0.0,0.0,686.0,711.0
683,338298,Phillip Baselala,0.0,0.0,0.0,711.0,684.0
684,335874,Caleb Tangitau,0.0,0.0,0.0,700.0,692.0
685,174300,Mark Royal,0.0,0.0,0.0,734.0,739.0
686,241830,Dan Sinkinson,0.0,0.0,0.0,666.0,667.0
687,189966,Joel Hintz,0.0,0.0,0.0,709.0,691.0
688,184752,Ilikena Vudogo,0.0,0.0,0.0,692.0,704.0
689,183636,Michael Icely,0.0,0.0,0.0,717.0,727.0
690,183510,Thomas Nowlan,0.0,0.0,0.0,706.0,666.0
691,182118,Lachie Anderson,0.0,0.0,0.0,734.0,739.0
692,175830,Pedro Rolando,0.0,0.0,0.0,722.0,707.0
693,174318,Lisati Milo-Harris,0.0,0.0,0.0,714.0,669.0
694,173490,Otumaka Mausia,0.0,0.0,0.0,701.0,700.0
695,166176,James Ramm,0.0,0.0,0.0,715.0,733.0
696,164082,Neria Foma'i,0.0,0.0,0.0,675.0,686.0
697,162990,Kalione Nasoko,0.0,0.0,0.0,734.0,729.0
698,156984,Solomon Alaimalo,0.0,0.0,0.0,695.0,713.0
699,156882,Liam Hallam-Eames,0.0,0.0,0.0,707.5,699.0
700,151998,Ed Craig,0.0,0.0,0.0,724.0,730.0
701,143970,Dwayne Polataivao,0.0,0.0,0.0,734.0,696.0
702,142116,Patrick James,0.0,0.0,0.0,734.0,702.0
703,140694,Hamish Dalzell,0.0,0.0,0.0,713.0,703.0
704,139998,Sione Tuipulotu,0.0,0.0,0.0,734.0,739.0
705,130392,Mitchell Jacobson,0.0,0.0,0.0,696.0,719.0
706,124938,Melani Nanai,0.0,0.0,0.0,679.0,701.0
707,118722,Ofa Tuungafasi,0.0,0.0,0.0,697.0,712.0
708,111510,Albert Anae,0.0,0.0,0.0,705.0,683.0
709,102936,Kayne Hammington,0.0,0.0,0.0,674.0,682.0
710,97650,Leigh Halfpenny,0.0,0.0,0.0,680.0,695.0
711,93942,Dave Horton,0.0,0.0,0.0,690.0,693.0
712,63474,Joe Royal,0.0,0.0,0.0,723.0,722.0
713,187740,Sione Misiloi,0.0,0.0,0.0,702.0,732.0
714,190974,Jack Winchester,0.0,0.0,0.0,734.0,664.0
715,240672,Tevita Funa,0.0,0.0,0.0,687.0,710.0
716,191580,Alexander Masibaka,0.0,0.0,0.0,652.0,660.0
717,235860,Veveni Lasaqa,0.0,0.0,0.0,734.0,672.0
718,235500,Lucas Cashmore,0.0,0.0,0.0,707.5,697.0
719,235494,Sione Ahio,0.0,0.0,0.0,699.0,717.0
720,234792,Sam Wye,0.0,0.0,0.0,694.0,739.0
721,234756,Logan Henry,0.0,0.0,0.0,658.0,720.0
722,234708,Luca Inch,0.0,0.0,0.0,718.0,718.0
723,229926,Bradley Amituanai,0.0,0.0,0.0,683.0,661.0
724,227160,Andrew Turner,0.0,0.0,0.0,656.0,663.0
725,225564,Rob Rush,0.0,0.0,0.0,720.0,705.0
726,215400,Liam Bowron,0.0,0.0,0.0,721.0,715.5
727,215118,Jack Bowen,0.0,0.0,0.0,693.0,731.0
728,213486,Thomas Maka,0.0,0.0,0.0,685.0,679.0
729,213444,Joe Brial,0.0,0.0,0.0,734.0,734.0
730,209898,Nikolai Foliaki,0.0,0.0,0.0,678.0,678.0
731,209652,Xavier Cowley-Tuioti,0.0,0.0,0.0,719.0,709.0
732,206820,Josh Vuta,0.0,0.0,0.0,734.0,739.0
733,199770,Titi Nofoagatotoa,0.0,0.0,0.0,734.0,739.0
734,197886,Gideon Wrampling,0.0,0.0,0.0,665.0,698.0
735,197880,Isaiah Punivai,0.0,0.0,0.0,653.0,671.0
736,197856,Louie Chapman,0.0,0.0,0.0,670.0,689.0
737,197544,Phransis Sula-Siaosi,0.0,0.0,0.0,734.0,715.5
738,197280,Henry Robertson,0.0,0.0,0.0,681.0,681.0
739,196728,Grason Makara,0.0,0.0,0.0,672.0,677.0
740,192630,William Harris,0.0,0.0,0.0,688.0,687.0
741,192522,Lachie Albert,0.0,0.0,0.0,734.0,739.0
742,368232,Lachlan Shaw,0.0,0.0,0.0,682.0,694.0
